load_zone,land_class,area
Oahu,A,64878435.677876
Oahu,B,104657293.634129
Oahu,C,60570993.645076
Oahu,other,1321060282.60588
